sku,cost
AR111/700WW LED,42.31
CSF21BTP,9.90
CSM41BTP,26.93
CSR41BTP,33.96
DIM40/12V,47.49
DIM40/24V,47.49
FLBP24V2CCT/BTAM,66.61
FLBP24V2RGB/BTAM,74.64
FLBP24V5CCT/BTAM,112.54
FLBP24V5RGB/BTAM,137.80
GU10L350TC,5.93
GU10L550TC,6.30
GU10LA750MP/TC,13.74
GU10LR750CW,10.08
GU10LR750DL,10.08
GU10LR750WW,10.08
LCA27B15D,4.11
LCA27B15D/C,5.12
LCA27B22D,4.11
LCA27B22D/C,5.12
LCA27E14D,4.11
LCA27E14D/C,5.12
LCA27E27D,4.11
LCA27E27D/C,5.12
LCA50B15D,4.11
LCA50B15D/C,5.12
LCA50B22D,4.11
LCA50B22D/C,5.12
LCA50E14D,4.11
LCA50E14D/C,5.12
LCA50E27D,4.11
LCA50E27D/C,5.12
LFR27B15D,4.11
LFR27B15D/C,5.12
LFR27B22D,4.11
LFR27B22D/C,5.12
LFR27E14D,4.11
LFR27E14D/C,5.12
LFR27E27D,4.11
LFR27E27D/C,5.12
LFR50B15D,4.11
LFR50B15D/C,5.12
LFR50B22D,4.11
LFR50B22D/C,5.12
LFR50E14D,4.11
LFR50E14D/C,5.12
LFR50E27D,4.11
LFR50E27D/C,5.12
LG125/27B22D/C,15.57
LG125/27E27D/C,15.57
LG125/50B22D/C,15.57
LG125/50E27D/C,15.57
LG125/830B22,15.57
LG125/830E27,15.57
LG125/860B22,15.57
LG125/860E27,15.57
LG9/27B22D,7.85
LG9/27B22D/C,7.85
LG9/27E27D/C,7.85
LG9/50B22D/C,7.85
LG9/50E27D/C,7.85
LG95/27B22D/C,13.81
LG95/27E27D/C,13.81
LG95/50B22D/C,13.81
LG95/50E27D/C,13.81
LG95/830B22,14.37
LG95/830E27,14.37
LG95/860B22,14.37
LG95/860E27,14.37
LGS10TC/B22,4.94
LGS10TC/E27,4.94
LGS14TC/B22D,9.05
LGS14TC/E27D,9.05
LGS4TC/B22,4.44
LGS4TC/E27,4.44
LGS8TC/B22,4.60
LGS8TC/E27,4.60
LPAR38TC,16.29
LR50DL,5.43
LR50DL/D,7.85
LR50WW,5.43
LR50WW/D,7.85
LR63.DL,5.67
LR63.WW,5.67
LR63DL/D,8.92
LR63WW/D,8.92
LR80DL,10.14
LR80DL/D,13.04
LR80WW,10.14
LR80WW/D,13.04
LST21NDL/B22D/C,10.67
LST21NDL/E27D/C,10.67
LST21WW/B22D/C,10.67
LST21WW/E27D/C,10.67
LT25F830E14,7.82
LT4012TC/B22,6.27
LT4012TC/E27,6.27
LT4014TC/B22,6.58
LT4014TC/E27D,7.48
LT407TC/B15,4.31
LT407TC/E14,4.31
LT409TC/B22,4.37
LT409TC/B22D,5.63
LT409TC/E27,4.37
LT409TC/E27D,5.63
LT8915DIM/BT,90.44
LT8915RGB/BT,97.72
MR16/5W/TC,6.64
MR16/7W/TC,9.00
MR16CC7KIT/WW,15.08
MR16DIM9CW,16.29
MR16DIM9DL,16.29
MR16DIM9WW,16.29
PC100CS/R/BTAM,116.31
PC100T/R/BTAS,123.72
PC155DLB/R/BTAM,112.38
PC206BS/R/BTAM,123.72
PC206DR/R/BTAM,123.72
PC206GD/R/BTAM,116.31
S2W/BTAS,75.54
S9008TC2BK,44.29
S9008WW/BK/SFI,57.18
S9008WW/WH/SFI,55.97
S9009TC2BK,48.03
S9009TC2WH,47.63
S9009WW/BK/SFI,60.91
S9009WW/WH/SFI,59.70
S9011TC2BK,44.29
S9011TC2WH,43.90
S9011WW/BK/SFI,57.18
S9011WW/WH/SFI,52.67
S9041BK RING,1.78
S9041HO/TC/WH,19.91
S9041SL RING,1.78
S9041SN RING,1.87
S9041TC2WH,12.82
S9041TC2WH/FG,16.61
S9041TCSWH,20.97
S9045TC/WH,33.20
S9046TC/WH,35.33
S9048TC/WH,33.65
S9053TCP2,24.73
S9053WP/SFI,37.80
S9054TC/GY,15.50
S9062TC/S,30.14
S9064BK/RING,1.82
S9064SN/RING,1.82
S9064TC WH,12.19
S9065BK/RING,1.94
S9065SN/RING,1.94
S9065TC/MP/S,32.20
S9065TC/WH/FG,14.64
S9065TCWH,10.51
S9067TC/BK,20.49
S9067TC/WH,17.28
S9068TC/BK,22.13
S9068TC/BK/FG,23.77
S9068TC/WH,15.72
S9068TC/WH/FG,18.96
S9068TW35BK/RS,27.40
S9068TW35WH/RS,26.33
S9069TC/BK,34.01
S9069TC/WH,31.83
S9071TC/SL,24.73
S9072TC SL,37.99
S9072TC WH,35.32
S9073TC/SL/DP,44.21
S9073TC/WH/DP,43.15
S9074TC/WH/DP,41.45
S9074TC/WH/HP,48.81
S9075TC/WH/DP,44.84
S9075TC/WH/HP,53.97
S9076TC/WH/DP,60.86
S9081D10TC/WH,42.21
S9081R10TC/WH,42.21
S9081RD/BK/P,3.50
S9081SQ/BK/P,3.50
S9081SQ/WH/P,3.50
S9082D20TC/DP,47.03
S9082R20TC/DP,47.03
S9082RD/BK/P,5.31
S9082SQ/BK/P,5.31
S9082SQ/WH/P,5.31
S9083D35TC/DP,66.32
S9083R35TC/DP,66.32
S9083RD/BK/P,9.16
S9083SQ/BK/P,9.16
S9083SQ/WH/P,9.16
S9086C5MP,12.82
S9087TC/BK,27.71
S9087TC/WH,25.08
S9088TC/DP/BK,33.12
S9088TC/DP/WH,30.66
S9089TC/DP/BK,50.72
S9089TC/DP/WH,46.83
S9105DL/SN,20.98
S9105WW/SN,20.98
S9140TC2WH,16.31
S9141TC/BK/SM,37.38
S9141TC/WH/SM,37.38
S9141TC2WH,12.11
S9167TC/BK,24.35
S9167TC/WH,20.14
S9168TC/BK,31.13
S9168TC/WH,26.93
S9311SN,42.12
S9311WH,42.12
S9312,44.43
S9313,44.43
S9314,44.43
S9316ALU,44.04
S9316WH,44.04
S9317ALU,44.04
S9317WH,44.04
S9318/MW,34.79
S9319/MW,22.97
S9320NDL/BK,61.85
S9320NDL/WH,61.85
S9320WW/BK,61.85
S9320WW/WH,61.85
S9327/150NDL/BK,62.69
S9327/150NDL/WH,62.69
S9327/150WW/BK,62.69
S9327/150WW/WH,62.69
S9327/300NDL/BK,86.81
S9327/300NDL/WH,86.81
S9327/300WW/BK,86.81
S9327/300WW/WH,86.81
S9328/150TC/BK,62.69
S9328/150TC/WH,62.69
S9328/220TC/BK,78.38
S9328/220TC/WH,78.38
S9361CW/SN,30.34
S9361CW/WH,28.80
S9362WW/BK,37.38
S9362WW/WH,37.38
S9363WW/BK,45.45
S9363WW/WH,45.45
S9514TC-SL,98.02
S9514TC-WH,90.63
S9522TC SL,75.97
S9522TC WH,71.40
S9523TC SL,95.26
S9523TC WH,88.97
S9525/92CW/WH,73.45
S9525/92DL/WH,73.45
S9525/92WW/WH,73.45
S9724/312TC,119.99
S9734/312L/CW,144.68
S9754/306TC,57.87
S9754/312TC,56.28
S9754/606TC,61.58
S9754/612TC,136.97
S9764/312/CW/PK5,228.27
S9784/306TC/DP2,43.48
S9933WH,6.39
SBP10L,15.90
SDA450U/LED,40.19
SDD300BTAM,91.31
SDD350UM,50.55
SDD400RS/BTAM,94.06
SDD400U,59.73
SDF30,21.15
SE7060NDL/BK,42.21
SE7066TC/BK,67.75
SE7066TC/WH,67.75
SE7070/1TC/BK,42.74
SE7070/1TC/WH,42.74
SE7070/2TC/BK,56.19
SE7070/2TC/WH,56.19
SE7071/100TC2/BK,108.27
SE7071/100TC2/SL,119.36
SE7071/100TC2/WH,119.36
SE7071/15TC2BK,26.42
SE7071/15TC2SL,27.74
SE7071/15TC2WH,27.74
SE7071/30TC2BK,38.28
SE7071/30TC2SL,42.21
SE7071/30TC2WH,42.21
SE7071/50TC2BK,51.40
SE7071/50TC2SL,56.67
SE7071/50TC2WH,56.67
SE7080/1TC/BK,40.70
SE7080/1TC/WH,40.70
SE7080/2TC/BK,52.49
SE7080/2TC/WH,53.52
SE7083TC/EM/BK,262.25
SE7083TC/EM/SL,267.08
SE7084TC/EM/BK,291.98
SE7084TC/EM/SL,296.80
SE7102 BK/LGLS,385.84
SE7103BK/LGLS,276.11
SE7104BK/LGLS,276.11
SE7105BK/LGLS,276.11
SE7106BK/LGLS,276.11
SE7121TC/BK,35.81
SE7121TC/SL,36.18
SE7121TCSLS,92.24
SE7122TC/SLS,104.02
SE7123TC/BK,42.33
SE7123TC/SL,42.37
SE7123TC/SLS,100.91
SE7124TC/AB,247.50
SE7124TC/AST,72.46
SE7124TC/BK,61.33
SE7124TC/WH,61.33
SE7133TC/BK,38.59
SE7133TC/SL,38.36
SE7134TC/BK,51.84
SE7134TC/SL,51.38
SE7150/10TC/BK,74.16
SE7150/10TC/WH,74.16
SE7169MP100TC,103.90
SE7169MP150TC,173.75
SE7169MP200TC,221.91
SE7169MP250TC,295.28
SE7169MP300TC,396.17
SE7169MP480NDL,445.53
SE7169MP70TC,95.32
SE7181TC/BK,114.55
SE7182TC/BK,114.55
SE7191TC/BK,56.67
SE7192TC/BK,78.38
SE7192TC/BK/EM,131.43
SE7321TC/BK,29.27
SE7322TC/BK,37.47
SE7323TC/BK,33.96
SE7359TC/BK,65.56
SE7359TC/WH,65.56
SE7360TC/BK,99.26
SE7360TC/WH,99.26
SE8002NDL,117.54
SE8002WW,117.54
SEL20PK,87.79
SES7060NDL/BK,59.09
SES7070/1TC/BK,56.67
SES7070/1TC/WH,56.67
SES7070/2TC/BK,71.15
SES7070/2TC/WH,71.15
SES7080/1TC/BK,53.97
SES7080/1TC/WH,53.97
SES7080/2TC/BK,64.53
SES7080/2TC/WH,66.13
SES7124TC/AST,105.92
SES7124TC/BK,94.77
SES7124TC/WH,94.77
SGB3BTAS,65.56
SGW3BTAM,488.33
SHL008,34.98
SICL1235BTP,14.64
SL2104/18TC/DP,20.12
SL2104/22TC/DP,27.20
SL2104/30TC/DP,40.22
SL2112/30TC/BK,104.18
SL2112/30TC/WH,104.18
SL2112/40TC/BK,164.82
SL2112/40TC/WH,164.82
SL2115/25TCD,34.54
SL2115/30TCD,40.00
SL2115/40TCD,54.44
SL7021TC/AST,48.47
SL7021TC/BK,40.38
SL7021TC/SLS,79.61
SL7022TC/AST,71.64
SL7022TC/BK,59.69
SL7022TC/SLS,99.51
SL7221TC/BK,39.61
SL7222TC/BK,58.55
SL7261TC/AS,40.11
SL7261TC/BK,38.46
SL7261TC/SL,40.92
SL7261TC/SLS,97.09
SL7266WW/BK,25.84
SL7271TC/BK,26.54
SL7271TC/BK/S,39.79
SL7271TC/WH,26.54
SL7271TC/WH/S,39.79
SL7272TC/BK,26.54
SL7272TC/BK/S,39.79
SL7272TC/WH,26.54
SL7272TC/WH/S,39.79
SL7321TC/AST,42.74
SL7321TC/BK,35.81
SL7321TC/SLS,92.24
SL7322TC/AST,55.62
SL7322TC/BK,48.84
SL7322TC/SLS,104.02
SL7323TC/AST,47.41
SL7323TC/BK,42.33
SL7323TC/SLS,100.91
SL9706/1140TC,32.32
SL9706/1440TC,42.22
SL9706/280TC,15.69
SL9706/540TC,20.38
SL9706/76CM LINK,4.98
SL9706/840TC,27.29
SL9707/120TC,49.43
SL9707/60TC,29.55
SL9709/120TC,61.20
SL9709/60TC,39.20
SL9719RD/EM,248.84
SL9719SQ/EM,248.84
SL9726/20/TC/EM,106.47
SL9726/40/TC/EM,114.68
SL9732/40TC/DP3,45.61
SL9733/206TC/DP,47.03
SL9733/212TC/DP,50.45
SLA7102BK,548.61
SMC3BTAS,31.37
SMF/BTAS,84.65
SMF/BTAS/BP,88.26
SMFR/BTAS,88.02
SMRM/BTAS,54.26
SMRP/BTAS,76.09
SMS804CR,25.32
SMS806WF,69.07
SMS806WF/BK,78.38
SMS861CD/BTAM,76.09
SMS862WF/BK/BTAM,96.58
SMS862WF/WH/BTAM,96.58
SMT9017TC/BK,57.35
SMT9017TC/WH,57.35
SO3700/30TC/DP2,31.26
SO3700/30TC/DPD,42.21
SO3700/40TC/DP2,35.77
SO3700/40TC/DPD,55.46
SPO23/BTAM,111.21
SRC9017TC/BK,57.35
SRC9017TC/WH,57.35
SSIF/RC,2.34
SSPF1500,91.98
SSPF3000,151.40
SSPF6000,191.20
SSPF9000,269.25
STP54BTAS,772.97
STP54BTAS/KITA,904.30
STR3/9017/15TC/BK,51.84
STR3/9017/15TC/WH,51.84
STR3/9017/30TC/DP/BK,66.32
STR3/9017/30TC/DP/WH,66.32
STR4800/1 BK,20.50
STR4800/1 WH,20.50
STR4800/2 BK,39.79
STR4800/2 WH,39.79
STR4801 BK,5.74
STR4801 WH,5.74
STR4802 BK,7.49
STR4802 WH,7.49
STR4803 BK,8.82
STR4803 WH,8.82
STR4804 BK,8.82
STR4804 WH,8.82
STR4805 BK,12.34
STR4805 WH,12.34
STR4806 BK,18.24
STR4806 WH,18.24
STR4808 BK,4.83
STR4808 WH,4.83
STR4886MP30TC/BK,80.77
STR4886MP30TC/WH,80.77
STR4886MP40TC/BK,99.51
STR4886MP40TC/WH,99.51
STR4890/1BK,49.32
STR4890/1WH,49.32
STR4890/2BK,88.06
STR4890/2WH,88.06
STR4891BK,7.83
STR4891WH,7.83
STR4893BK,24.37
STR4893WH,24.37
STR4894BK,24.97
STR4894WH,24.97
STR9017/10TC/BK,37.85
STR9017/10TC/WH,37.85
STR9017/15TC/BK,47.32
STR9017/15TC/WH,47.32
STR9017/30TC/DP/BK,61.51
STR9017/30TC/DP/WH,61.51
STS600BTAM,98.29
SWAC1GW,6.13
SWAC1SGB,6.13
SWAC1SGG,6.13
SWAC2GW,6.13
SWAC2SGB,6.13
SWAC2SGG,6.13
SWAC3GW,7.24
SWAC3SGB,7.24
SWAC3SGG,7.24
SWAC4GW,7.24
SWAC4SGB,7.24
SWAC4SGG,7.24
SWAC5GW,8.36
SWAC5SGB,8.36
SWAC5SGG,8.36
SWAC6GW,8.36
SWAC6SGB,8.36
SWAC6SGG,8.36
SWALC1SGW,7.24
SWALC2SGW,7.24
SWALC3SGW,8.36
SWALC4SGW,8.36
SWALC5SGW,9.47
SWALC6SGW,9.47
SWL10L,17.52
SWP1,2.87
SWP2,2.87
SWP3,2.87
SWP4,3.01
SWP5,3.01
SWP6,3.01
